received_at,ts,temp,hum
2026-06-25T11:05:07.263160+00:00,10000,33.5,59.8
2026-06-25T11:05:17.035852+00:00,20000,33.5,59.9
2026-06-25T11:05:27.012908+00:00,30000,33.5,59.8
2026-06-25T11:05:37.106991+00:00,40000,33.5,59.8
2026-06-25T11:05:47.134391+00:00,50000,33.5,59.8
2026-06-25T11:05:57.015532+00:00,60000,33.5,59.8
2026-06-25T11:06:07.208957+00:00,70000,33.5,59.8
2026-06-25T11:06:17.033491+00:00,80000,33.5,59.7
2026-06-25T11:06:27.068961+00:00,90000,33.5,59.7
2026-06-25T11:06:37.108098+00:00,100000,33.5,59.8
2026-06-25T11:06:47.140275+00:00,110000,33.4,59.8
2026-06-25T11:06:57.179390+00:00,120000,33.5,59.8
2026-06-25T11:07:07.245746+00:00,130000,33.5,59.8
2026-06-25T11:07:16.995941+00:00,140000,33.5,59.8
2026-06-25T11:07:27.009231+00:00,150000,33.5,59.8
2026-06-25T11:07:37.111521+00:00,160000,33.4,60
2026-06-25T11:07:47.150847+00:00,170000,33.5,59.8
2026-06-25T11:07:57.013545+00:00,180000,33.5,59.8
2026-06-25T11:08:07.027315+00:00,190000,33.5,60
2026-06-25T11:08:17.049669+00:00,200000,33.5,60
2026-06-25T11:08:27.084420+00:00,210000,33.5,59.9
2026-06-25T11:08:37.119288+00:00,220000,33.5,60
2026-06-25T11:08:46.986970+00:00,230000,33.5,60
2026-06-25T11:08:57.001090+00:00,240000,33.5,60
2026-06-25T11:09:07.432018+00:00,250000,33.5,60
2026-06-25T11:09:17.104311+00:00,260000,33.5,59.9
2026-06-25T11:09:26.989254+00:00,270000,33.5,60
2026-06-25T11:09:37.335937+00:00,280000,33.5,59.9
2026-06-25T11:09:47.251214+00:00,290000,33.5,59.8
2026-06-25T11:09:56.982282+00:00,300000,33.5,59.8
2026-06-25T11:10:07.018994+00:00,310000,33.5,59.7
2026-06-25T11:10:17.019129+00:00,320000,33.5,59.7
2026-06-25T11:10:27.333863+00:00,330000,33.5,59.7
2026-06-25T11:10:37.140931+00:00,340000,33.5,59.6
2026-06-25T11:10:47.181057+00:00,350000,33.5,59.6
2026-06-25T11:10:57.021904+00:00,360000,33.5,59.6
2026-06-25T11:11:07.500776+00:00,370000,33.5,59.6
2026-06-25T11:11:17.025707+00:00,380000,33.5,59.6
2026-06-25T11:11:27.313558+00:00,390000,33.5,59.5
2026-06-25T11:11:37.349525+00:00,400000,33.5,59.5
2026-06-25T11:11:47.278131+00:00,410000,33.5,59.5
2026-06-25T11:11:57.418368+00:00,420000,33.5,59.4
2026-06-25T11:12:07.047924+00:00,430000,33.5,59.4
2026-06-25T11:12:17.333829+00:00,440000,33.5,59.4
2026-06-25T11:12:27.120094+00:00,450000,33.6,59.5
2026-06-25T11:12:37.173335+00:00,460000,33.5,59.4
2026-06-25T11:12:47.394409+00:00,470000,33.5,59.3
2026-06-25T11:12:57.530385+00:00,480000,33.5,59.3
2026-06-25T11:13:07.460805+00:00,490000,33.6,59.3
2026-06-25T11:13:17.090210+00:00,500000,33.5,59.2
2026-06-25T11:13:27.133888+00:00,510000,33.6,59.2
2026-06-25T11:13:37.160745+00:00,520000,33.5,59.2
2026-06-25T11:13:47.199958+00:00,530000,33.5,59.2
2026-06-25T11:13:57.317934+00:00,540000,33.6,59.2
2026-06-25T11:14:07.116675+00:00,550000,33.6,59.3
2026-06-25T11:14:17.099069+00:00,560000,33.5,59.2
2026-06-25T11:14:27.033813+00:00,570000,33.5,59.2
2026-06-25T11:14:37.179847+00:00,580000,33.6,59.1
2026-06-25T11:14:47.203121+00:00,590000,33.6,59.2
2026-06-25T11:14:57.327125+00:00,600000,33.5,59.1
2026-06-25T11:15:07.156541+00:00,610000,33.5,59.2
2026-06-25T11:15:17.105745+00:00,620000,33.6,59.2
2026-06-25T11:15:27.140185+00:00,630000,33.6,59.2
2026-06-25T11:15:36.986451+00:00,640000,33.6,59.2
2026-06-25T11:15:46.999829+00:00,650000,33.6,59.2
2026-06-25T11:15:57.039232+00:00,660000,33.6,59.2
2026-06-25T11:16:06.990985+00:00,670000,33.6,59.2
2026-06-25T11:16:17.112149+00:00,680000,33.6,59.1
2026-06-25T11:16:27.414213+00:00,690000,33.6,59.1
2026-06-25T11:16:37.194673+00:00,700000,33.6,59.1
2026-06-25T11:16:47.426049+00:00,710000,33.6,59.1
2026-06-25T11:16:57.109102+00:00,720000,33.6,59.1
2026-06-25T11:17:07.036529+00:00,730000,33.6,59
2026-06-25T11:17:17.127301+00:00,740000,33.6,59.2
2026-06-25T11:17:27.153549+00:00,750000,33.6,59.1
2026-06-25T11:17:37.037120+00:00,760000,33.6,59.1
2026-06-25T11:17:47.227103+00:00,770000,33.6,59.2
2026-06-25T11:17:57.055785+00:00,780000,33.6,59.2
2026-06-25T11:18:06.995014+00:00,790000,33.6,59.2
2026-06-25T11:18:17.129091+00:00,800000,33.6,59.2
2026-06-25T11:18:27.162939+00:00,810000,33.6,59.2
2026-06-25T11:18:36.994404+00:00,820000,33.6,59.3
2026-06-25T11:18:47.233486+00:00,830000,33.6,59.3
2026-06-25T11:18:57.063012+00:00,840000,33.6,59.3
2026-06-25T11:19:06.993360+00:00,850000,33.6,59.4
2026-06-25T11:19:17.342295+00:00,860000,33.6,59.4
2026-06-25T11:19:27.172207+00:00,870000,33.6,59.3
2026-06-25T11:19:37.205416+00:00,880000,33.6,59.4
2026-06-25T11:19:47.251803+00:00,890000,33.6,59.6
2026-06-25T11:19:57.071368+00:00,900000,33.6,59.5
2026-06-25T11:20:07.240686+00:00,910000,33.6,59.5
2026-06-25T11:20:17.145344+00:00,920000,33.6,59.6
2026-06-25T11:20:27.177043+00:00,930000,33.6,59.6
2026-06-25T11:20:37.263806+00:00,940000,33.7,59.5
2026-06-25T11:20:47.110049+00:00,950000,33.6,59.6
2026-06-25T11:20:57.078389+00:00,960000,33.6,59.6
2026-06-25T11:21:07.012344+00:00,970000,33.6,59.7
2026-06-25T11:21:17.149995+00:00,980000,33.6,59.6
2026-06-25T11:21:26.999287+00:00,990000,33.7,59.6
2026-06-25T11:21:37.271551+00:00,1000000,33.6,59.7
2026-06-25T11:21:47.052761+00:00,1010000,33.6,59.7
2026-06-25T11:21:57.003190+00:00,1020000,33.6,59.7
2026-06-25T11:22:07.136719+00:00,1030000,33.6,59.7
2026-06-25T11:22:17.158221+00:00,1040000,33.7,59.8
2026-06-25T11:22:27.054579+00:00,1050000,33.6,59.8
2026-06-25T11:22:37.241619+00:00,1060000,33.7,59.8
2026-06-25T11:22:47.061194+00:00,1070000,33.7,59.8
2026-06-25T11:22:57.005876+00:00,1080000,33.6,59.8
2026-06-25T11:23:07.130606+00:00,1090000,33.6,59.8
2026-06-25T11:23:17.165917+00:00,1100000,33.6,59.8
2026-06-25T11:23:27.298402+00:00,1110000,33.6,59.7
2026-06-25T11:23:37.031171+00:00,1120000,33.7,59.7
2026-06-25T11:23:47.066046+00:00,1130000,33.7,59.7
2026-06-25T11:23:57.213790+00:00,1140000,33.6,59.7
2026-06-25T11:24:07.141375+00:00,1150000,33.6,59.7
2026-06-25T11:24:17.178020+00:00,1160000,33.6,59.5
2026-06-25T11:24:27.361967+00:00,1170000,33.6,59.6
2026-06-25T11:24:37.038645+00:00,1180000,33.6,59.7
2026-06-25T11:24:47.092353+00:00,1190000,33.6,59.7
2026-06-25T11:24:57.143494+00:00,1200000,33.7,59.5
2026-06-25T11:25:07.047690+00:00,1210000,33.6,59.6
2026-06-25T11:25:17.016138+00:00,1220000,33.6,59.6
2026-06-25T11:25:27.010164+00:00,1230000,33.6,59.6
2026-06-25T11:25:37.270305+00:00,1240000,33.6,59.6
2026-06-25T11:25:47.039608+00:00,1250000,33.6,59.6
2026-06-25T11:25:57.157103+00:00,1260000,33.6,59.5
2026-06-25T11:26:07.402690+00:00,1270000,33.6,59.4
2026-06-25T11:26:17.198284+00:00,1280000,33.6,59.4
2026-06-25T11:26:27.239784+00:00,1290000,33.6,59.5
2026-06-25T11:26:37.007133+00:00,1300000,33.7,59.4
2026-06-25T11:26:47.327324+00:00,1310000,33.6,59.4
2026-06-25T11:26:57.499338+00:00,1320000,33.7,59.5
2026-06-25T11:27:07.371339+00:00,1330000,33.7,59.4
2026-06-25T11:27:17.049314+00:00,1340000,33.6,59.4
2026-06-25T11:27:27.167294+00:00,1350000,33.6,59.4
2026-06-25T11:27:37.010281+00:00,1360000,33.6,59.5
2026-06-25T11:27:47.148820+00:00,1370000,33.7,59.6
2026-06-25T11:27:57.168225+00:00,1380000,33.7,59.4
2026-06-25T11:28:07.267539+00:00,1390000,33.7,59.3
2026-06-25T11:28:17.237987+00:00,1400000,33.7,59.4
2026-06-25T11:28:27.497683+00:00,1410000,33.7,59.5
2026-06-25T11:28:37.075652+00:00,1420000,33.6,59.5
2026-06-25T11:28:47.112622+00:00,1430000,33.7,59.6
2026-06-25T11:28:57.148356+00:00,1440000,33.7,59.4
2026-06-25T11:29:07.387201+00:00,1450000,33.7,59.4
2026-06-25T11:29:17.946300+00:00,1460000,33.7,59.3
2026-06-25T11:29:27.273612+00:00,1470000,33.7,59.2
2026-06-25T11:29:37.024288+00:00,1480000,33.7,59.3
2026-06-25T11:29:47.120050+00:00,1490000,33.7,59.4
2026-06-25T11:29:57.284325+00:00,1500000,33.7,59.4
2026-06-25T11:30:07.204150+00:00,1510000,33.7,59.4
2026-06-25T11:30:17.241560+00:00,1520000,33.7,59.4
2026-06-25T11:30:27.256185+00:00,1530000,33.7,59.4
2026-06-25T11:30:37.031055+00:00,1540000,33.7,59.3
2026-06-25T11:30:47.020272+00:00,1550000,33.7,59.4
2026-06-25T11:30:57.188132+00:00,1560000,33.6,59.4
2026-06-25T11:31:07.217040+00:00,1570000,33.7,59.4
2026-06-25T11:31:17.432633+00:00,1580000,33.7,59.2
2026-06-25T11:31:27.262044+00:00,1590000,33.7,59.4
2026-06-25T11:31:37.044368+00:00,1600000,33.7,59.5
2026-06-25T11:31:47.334838+00:00,1610000,33.7,59.6
2026-06-25T11:31:57.184911+00:00,1620000,33.7,59.5
2026-06-25T11:32:07.222330+00:00,1630000,33.7,59.6
2026-06-25T11:32:17.044794+00:00,1640000,33.7,59.6
2026-06-25T11:32:27.068837+00:00,1650000,33.6,59.8
2026-06-25T11:32:37.055881+00:00,1660000,33.7,59.8
2026-06-25T11:32:47.235688+00:00,1670000,33.7,59.8
2026-06-25T11:32:57.271188+00:00,1680000,33.7,59.8
2026-06-25T11:33:07.308905+00:00,1690000,33.6,59.9
2026-06-25T11:33:17.301614+00:00,1700000,33.7,60
2026-06-25T11:33:27.040272+00:00,1710000,33.6,60.1
2026-06-25T11:33:37.039058+00:00,1720000,33.7,60.2
2026-06-25T11:33:47.022395+00:00,1730000,33.7,60.2
2026-06-25T11:33:57.183116+00:00,1740000,33.7,60.3
2026-06-25T11:34:07.238090+00:00,1750000,33.7,60.3
2026-06-25T11:34:17.146810+00:00,1760000,33.6,60.4
2026-06-25T11:34:27.137426+00:00,1770000,33.6,60.5
2026-06-25T11:34:37.117678+00:00,1780000,33.7,60.4
2026-06-25T11:34:47.028456+00:00,1790000,33.7,60.4
2026-06-25T11:34:57.188779+00:00,1800000,33.7,60.5
2026-06-25T11:35:07.098717+00:00,1810000,33.7,60.5
2026-06-25T11:35:17.465518+00:00,1820000,33.7,60.5
2026-06-25T11:35:27.599635+00:00,1830000,33.7,60.5
2026-06-25T11:35:37.244510+00:00,1840000,33.6,60.5
2026-06-25T11:35:47.216600+00:00,1850000,33.6,60.6
2026-06-25T11:35:57.230810+00:00,1860000,33.7,60.7
2026-06-25T11:36:07.279939+00:00,1870000,33.6,60.7
2026-06-25T11:36:17.061266+00:00,1880000,33.7,60.6
2026-06-25T11:36:27.093675+00:00,1890000,33.7,60.8
2026-06-25T11:36:37.133237+00:00,1900000,33.6,60.8
2026-06-25T11:36:47.276131+00:00,1910000,33.7,60.7
2026-06-25T11:36:57.040081+00:00,1920000,33.7,60.8
2026-06-25T11:37:07.061197+00:00,1930000,33.6,60.7
2026-06-25T11:37:17.075610+00:00,1940000,33.7,60.9
2026-06-25T11:37:27.036027+00:00,1950000,33.7,60.8
2026-06-25T11:37:37.140477+00:00,1960000,33.6,60.8
2026-06-25T11:37:47.416754+00:00,1970000,33.7,60.8
2026-06-25T11:37:57.211576+00:00,1980000,33.6,60.9
2026-06-25T11:38:07.280264+00:00,1990000,33.7,60.9
2026-06-25T11:38:17.291010+00:00,2000000,33.7,60.9
2026-06-25T11:38:27.040790+00:00,2010000,33.7,61.1
2026-06-25T11:38:37.222121+00:00,2020000,33.7,61
2026-06-25T11:38:47.330697+00:00,2030000,33.7,61
2026-06-25T11:38:57.218499+00:00,2040000,33.7,61
2026-06-25T11:39:07.049714+00:00,2050000,33.7,61.1
2026-06-25T11:39:17.037553+00:00,2060000,33.7,61.3
2026-06-25T11:39:27.360484+00:00,2070000,33.7,61.3
2026-06-25T11:39:37.156402+00:00,2080000,33.7,61.4
2026-06-25T11:39:47.237955+00:00,2090000,33.7,61.3
2026-06-25T11:39:57.229806+00:00,2100000,33.7,61.3
2026-06-25T11:40:07.303968+00:00,2110000,33.7,61
2026-06-25T11:40:17.076073+00:00,2120000,33.7,61
2026-06-25T11:40:27.137571+00:00,2130000,33.7,60.8
2026-06-25T11:40:37.170247+00:00,2140000,33.7,60.7
2026-06-25T11:40:47.222147+00:00,2150000,33.7,60.6
2026-06-25T11:40:57.244273+00:00,2160000,33.7,60.6
2026-06-25T11:41:07.281879+00:00,2170000,33.7,60.6
2026-06-25T11:41:17.044492+00:00,2180000,33.7,60.6
2026-06-25T11:41:27.190558+00:00,2190000,33.7,60.7
2026-06-25T11:41:37.187309+00:00,2200000,33.7,60.8
2026-06-25T11:41:47.215472+00:00,2210000,33.7,60.8
2026-06-25T11:41:57.250889+00:00,2220000,33.7,60.7
2026-06-25T11:42:07.074341+00:00,2230000,33.7,60.8
2026-06-25T11:42:17.046057+00:00,2240000,33.7,60.8
2026-06-25T11:42:27.150244+00:00,2250000,33.7,60.6
2026-06-25T11:42:37.195713+00:00,2260000,33.7,60.6
2026-06-25T11:42:47.221541+00:00,2270000,33.7,60.5
2026-06-25T11:42:57.278386+00:00,2280000,33.7,60.6
2026-06-25T11:43:07.071503+00:00,2290000,33.7,60.5
2026-06-25T11:43:17.114352+00:00,2300000,33.7,60.5
2026-06-25T11:43:27.149759+00:00,2310000,33.7,60.6
2026-06-25T11:43:37.214315+00:00,2320000,33.7,60.6
2026-06-25T11:43:47.228909+00:00,2330000,33.7,60.6
2026-06-25T11:43:57.461281+00:00,2340000,33.7,60.6
2026-06-25T11:44:07.291432+00:00,2350000,33.7,60.6
2026-06-25T11:44:17.047208+00:00,2360000,33.7,60.7
2026-06-25T11:44:27.157485+00:00,2370000,33.7,60.7
2026-06-25T11:44:37.046361+00:00,2380000,33.7,60.7
2026-06-25T11:44:47.228828+00:00,2390000,33.7,60.7
2026-06-25T11:44:57.468886+00:00,2400000,33.7,60.7
2026-06-25T11:45:07.054609+00:00,2410000,33.7,60.8
2026-06-25T11:45:17.052138+00:00,2420000,33.7,60.7
2026-06-25T11:45:27.045329+00:00,2430000,33.7,60.7
2026-06-25T11:45:37.250482+00:00,2440000,33.7,60.7
2026-06-25T11:45:47.235979+00:00,2450000,33.7,60.7
2026-06-25T11:45:57.681389+00:00,2460000,33.7,60.8
2026-06-25T11:46:07.125023+00:00,2470000,33.7,60.8
2026-06-25T11:46:17.344938+00:00,2480000,33.6,60.8
2026-06-25T11:46:27.582231+00:00,2490000,33.7,60.8
2026-06-25T11:46:37.080299+00:00,2500000,33.7,60.8
2026-06-25T11:46:47.245328+00:00,2510000,33.7,60.8
2026-06-25T11:46:57.486304+00:00,2520000,33.7,60.8
2026-06-25T11:47:07.314826+00:00,2530000,33.6,60.7
2026-06-25T11:47:17.144808+00:00,2540000,33.7,60.7
2026-06-25T11:47:27.280813+00:00,2550000,33.7,60.7
2026-06-25T11:47:37.222210+00:00,2560000,33.7,60.8
2026-06-25T11:47:47.260676+00:00,2570000,33.6,60.8
2026-06-25T11:47:57.057821+00:00,2580000,33.7,60.7
2026-06-25T11:48:07.146522+00:00,2590000,33.7,60.8
2026-06-25T11:48:17.605097+00:00,2600000,33.7,60.8
2026-06-25T11:48:27.237186+00:00,2610000,33.7,60.6
2026-06-25T11:48:37.269765+00:00,2620000,33.7,60.5
2026-06-25T11:48:47.077857+00:00,2630000,33.7,60.5
2026-06-25T11:48:57.119343+00:00,2640000,33.7,60.6
2026-06-25T11:49:07.105295+00:00,2650000,33.7,60.7
2026-06-25T11:49:17.160772+00:00,2660000,33.7,60.7
2026-06-25T11:49:27.200574+00:00,2670000,33.7,60.8
2026-06-25T11:49:37.052493+00:00,2680000,33.7,60.8
2026-06-25T11:49:47.267315+00:00,2690000,33.7,60.8
2026-06-25T11:49:57.098059+00:00,2700000,33.7,60.8
2026-06-25T11:50:07.058168+00:00,2710000,33.7,60.8
2026-06-25T11:50:17.175519+00:00,2720000,33.7,60.8
2026-06-25T11:50:27.205288+00:00,2730000,33.7,60.9
2026-06-25T11:50:37.291411+00:00,2740000,33.7,61
2026-06-25T11:50:47.487051+00:00,2750000,33.7,61
2026-06-25T11:50:57.105929+00:00,2760000,33.7,61
2026-06-25T11:51:07.190766+00:00,2770000,33.7,61
2026-06-25T11:51:17.059306+00:00,2780000,33.7,61
2026-06-25T11:51:27.262045+00:00,2790000,33.7,61
2026-06-25T11:51:37.862071+00:00,2800000,33.7,61
2026-06-25T11:51:47.179495+00:00,2810000,33.7,61
2026-06-25T11:51:57.566446+00:00,2820000,33.7,61.1
2026-06-25T11:52:07.355014+00:00,2830000,33.7,61.1
2026-06-25T11:52:17.191814+00:00,2840000,33.7,60.9
2026-06-25T11:52:27.223381+00:00,2850000,33.7,60.9
2026-06-25T11:52:37.150652+00:00,2860000,33.7,61
2026-06-25T11:52:47.071575+00:00,2870000,33.7,61.1
2026-06-25T11:52:57.122797+00:00,2880000,33.7,61.1
2026-06-25T11:53:07.157493+00:00,2890000,33.7,61.1
2026-06-25T11:53:17.072579+00:00,2900000,33.7,61.2
2026-06-25T11:53:27.536259+00:00,2910000,33.7,61.2
2026-06-25T11:53:37.265186+00:00,2920000,33.7,61.1
2026-06-25T11:53:47.095732+00:00,2930000,33.7,61.1
2026-06-25T11:53:57.130679+00:00,2940000,33.7,61.2
2026-06-25T11:54:07.077482+00:00,2950000,33.7,61.2
2026-06-25T11:54:17.202163+00:00,2960000,33.7,61.2
2026-06-25T11:54:27.291345+00:00,2970000,33.7,61.3
2026-06-25T11:54:37.071023+00:00,2980000,33.7,61.3
2026-06-25T11:54:47.100894+00:00,2990000,33.7,61.4
2026-06-25T11:54:57.958834+00:00,3000000,33.7,61.4
2026-06-25T11:55:07.190142+00:00,3010000,33.7,61.4
2026-06-25T11:55:17.211200+00:00,3020000,33.7,61.4
2026-06-25T11:55:27.459536+00:00,3030000,33.7,61.5
2026-06-25T11:55:37.282421+00:00,3040000,33.7,61.5
2026-06-25T11:55:47.111769+00:00,3050000,33.7,61.5
2026-06-25T11:55:57.146633+00:00,3060000,33.7,61.5
2026-06-25T11:56:07.509915+00:00,3070000,33.7,61.4
2026-06-25T11:56:17.265220+00:00,3080000,33.7,61.4
2026-06-25T11:56:27.261549+00:00,3090000,33.7,61.3
2026-06-25T11:56:37.287397+00:00,3100000,33.7,61.3
2026-06-25T11:56:47.121415+00:00,3110000,33.7,61.4
2026-06-25T11:56:57.240239+00:00,3120000,33.7,61.4
2026-06-25T11:57:07.111160+00:00,3130000,33.7,61.4
2026-06-25T11:57:17.223324+00:00,3140000,33.7,61.4
2026-06-25T11:57:27.495079+00:00,3150000,33.7,61.4
2026-06-25T11:57:37.298002+00:00,3160000,33.6,61.4
2026-06-25T11:57:47.124889+00:00,3170000,33.7,61.5
2026-06-25T11:57:57.071585+00:00,3180000,33.7,61.6
2026-06-25T11:58:07.076174+00:00,3190000,33.7,61.5
2026-06-25T11:58:17.260085+00:00,3200000,33.7,61.6
2026-06-25T11:58:27.077152+00:00,3210000,33.6,61.6
2026-06-25T11:58:37.116326+00:00,3220000,33.7,61.6
2026-06-25T11:58:47.137289+00:00,3230000,33.6,61.6
2026-06-25T11:58:57.173690+00:00,3240000,33.7,61.7
2026-06-25T11:59:07.421082+00:00,3250000,33.7,61.7
2026-06-25T11:59:17.249703+00:00,3260000,33.7,61.7
2026-06-25T11:59:27.080154+00:00,3270000,33.7,61.6
2026-06-25T11:59:37.312683+00:00,3280000,33.6,61.7
2026-06-25T11:59:48.026676+00:00,3290000,33.6,61.6
2026-06-25T11:59:57.382362+00:00,3300000,33.7,61.7
2026-06-25T12:00:07.227196+00:00,3310000,33.7,61.7
2026-06-25T12:00:17.076006+00:00,3320000,33.7,61.7
2026-06-25T12:00:27.108734+00:00,3330000,33.7,61.8
2026-06-25T12:00:37.627211+00:00,3340000,33.6,61.7
2026-06-25T12:00:47.165034+00:00,3350000,33.7,61.7
2026-06-25T12:00:57.595304+00:00,3360000,33.6,61.7
2026-06-25T12:01:07.251572+00:00,3370000,33.6,61.7
2026-06-25T12:01:17.258067+00:00,3380000,33.6,61.6
2026-06-25T12:01:27.292056+00:00,3390000,33.7,61.6
2026-06-25T12:01:37.094147+00:00,3400000,33.6,61.6
2026-06-25T12:01:47.596835+00:00,3410000,33.7,61.6
2026-06-25T12:01:57.422351+00:00,3420000,33.7,61.6
2026-06-25T12:02:07.228619+00:00,3430000,33.7,61.6
2026-06-25T12:02:17.303495+00:00,3440000,33.7,61.6
2026-06-25T12:02:27.339518+00:00,3450000,33.6,61.5
2026-06-25T12:02:37.145739+00:00,3460000,33.7,61.6
2026-06-25T12:02:47.235486+00:00,3470000,33.7,61.5
2026-06-25T12:02:57.108866+00:00,3480000,33.6,61.5
2026-06-25T12:03:07.094200+00:00,3490000,33.6,61.5
2026-06-25T12:03:17.432592+00:00,3500000,33.7,61.6
2026-06-25T12:03:27.350686+00:00,3510000,33.7,61.6
2026-06-25T12:03:37.345797+00:00,3520000,33.7,61.5
2026-06-25T12:03:47.172193+00:00,3530000,33.6,61.6
2026-06-25T12:03:57.425839+00:00,3540000,33.6,61.7
2026-06-25T12:04:07.460232+00:00,3550000,33.6,61.7
2026-06-25T12:04:17.504327+00:00,3560000,33.7,61.6
2026-06-25T12:04:27.319473+00:00,3570000,33.7,61.6
2026-06-25T12:04:37.145275+00:00,3580000,33.6,61.6
2026-06-25T12:04:47.181433+00:00,3590000,33.6,61.7
2026-06-25T12:04:57.132632+00:00,3600000,33.7,61.7
2026-06-25T12:05:07.482171+00:00,3610000,33.7,61.7
2026-06-25T12:05:17.287161+00:00,3620000,33.7,61.6
2026-06-25T12:05:27.402780+00:00,3630000,33.7,61.6
2026-06-25T12:05:37.600210+00:00,3640000,33.7,61.7
2026-06-25T12:05:47.188343+00:00,3650000,33.6,61.6
2026-06-25T12:05:57.439184+00:00,3660000,33.7,61.7
2026-06-25T12:06:07.265278+00:00,3670000,33.7,61.7
2026-06-25T12:06:17.296348+00:00,3680000,33.7,61.7
2026-06-25T12:06:27.097877+00:00,3690000,33.7,61.7
2026-06-25T12:06:37.087879+00:00,3700000,33.7,61.7
2026-06-25T12:06:47.196894+00:00,3710000,33.7,61.7
2026-06-25T12:06:57.452968+00:00,3720000,33.6,61.7
2026-06-25T12:07:07.303224+00:00,3730000,33.7,61.7
2026-06-25T12:07:17.308802+00:00,3740000,33.7,61.7
2026-06-25T12:07:27.219135+00:00,3750000,33.6,61.7
2026-06-25T12:07:37.102122+00:00,3760000,33.6,61.7
2026-06-25T12:07:47.440433+00:00,3770000,33.7,61.8
2026-06-25T12:07:58.172237+00:00,3780000,33.7,61.7
2026-06-25T12:08:07.272482+00:00,3790000,33.7,61.7
2026-06-25T12:08:17.365658+00:00,3800000,33.7,61.7
2026-06-25T12:08:27.137977+00:00,3810000,33.7,61.7
2026-06-25T12:08:37.178747+00:00,3820000,33.7,61.8
2026-06-25T12:08:47.208796+00:00,3830000,33.7,61.8
2026-06-25T12:08:57.250099+00:00,3840000,33.7,61.8
2026-06-25T12:09:07.515875+00:00,3850000,33.7,61.8
2026-06-25T12:09:17.443760+00:00,3860000,33.7,61.7
2026-06-25T12:09:27.121480+00:00,3870000,33.6,61.8
2026-06-25T12:09:37.595126+00:00,3880000,33.7,61.9
2026-06-25T12:09:47.094142+00:00,3890000,33.7,62
2026-06-25T12:09:57.258455+00:00,3900000,33.7,62.1
2026-06-25T12:10:07.287986+00:00,3910000,33.7,62.1
2026-06-25T12:10:17.328715+00:00,3920000,33.7,62.2
2026-06-25T12:10:27.186002+00:00,3930000,33.6,62.2
2026-06-25T12:10:37.190799+00:00,3940000,33.7,62.2
2026-06-25T12:10:47.223734+00:00,3950000,33.7,62.3
2026-06-25T12:10:57.669775+00:00,3960000,33.7,62.3
2026-06-25T12:11:07.300729+00:00,3970000,33.7,62.3
2026-06-25T12:11:17.108740+00:00,3980000,33.7,62.3
2026-06-25T12:11:27.185692+00:00,3990000,33.7,62.3
2026-06-25T12:11:38.249482+00:00,4000000,33.7,62.2
2026-06-25T12:11:47.696874+00:00,4010000,33.6,62.3
2026-06-25T12:11:57.097321+00:00,4020000,33.7,62.3
2026-06-25T12:12:07.131945+00:00,4030000,33.7,62.3
2026-06-25T12:12:17.394078+00:00,4040000,33.7,62.1
2026-06-25T12:12:27.115655+00:00,4050000,33.7,62.1
2026-06-25T12:12:37.204523+00:00,4060000,33.7,62.1
2026-06-25T12:12:47.240768+00:00,4070000,33.7,62
2026-06-25T12:12:57.159063+00:00,4080000,33.7,62
2026-06-25T12:13:07.317411+00:00,4090000,33.7,62
2026-06-25T12:13:17.143422+00:00,4100000,33.7,62.1
2026-06-25T12:13:27.195035+00:00,4110000,33.6,62
2026-06-25T12:13:37.443750+00:00,4120000,33.7,62
2026-06-25T12:13:47.194385+00:00,4130000,33.7,62
2026-06-25T12:13:57.293055+00:00,4140000,33.6,62.1
2026-06-25T12:14:07.571296+00:00,4150000,33.7,62
2026-06-25T12:14:17.133863+00:00,4160000,33.7,62
2026-06-25T12:14:27.127269+00:00,4170000,33.7,62.1
2026-06-25T12:14:37.105709+00:00,4180000,33.6,62.1
2026-06-25T12:14:47.256043+00:00,4190000,33.7,62.1
2026-06-25T12:14:57.537935+00:00,4200000,33.7,62.1
2026-06-25T12:15:07.105995+00:00,4210000,33.7,62.1
2026-06-25T12:15:17.156785+00:00,4220000,33.7,62.1
2026-06-25T12:15:27.602365+00:00,4230000,33.7,62.1
2026-06-25T12:15:37.260423+00:00,4240000,33.6,62.1
2026-06-25T12:15:47.109147+00:00,4250000,33.7,62.2
2026-06-25T12:15:57.711438+00:00,4260000,33.7,62.2
2026-06-25T12:16:07.349142+00:00,4270000,33.6,62.2
2026-06-25T12:16:17.172147+00:00,4280000,33.7,62.1
2026-06-25T12:16:27.139474+00:00,4290000,33.7,62.1
2026-06-25T12:16:37.242055+00:00,4300000,33.7,62.2
2026-06-25T12:16:47.128776+00:00,4310000,33.7,62.2
2026-06-25T12:16:57.144038+00:00,4320000,33.7,62.2
2026-06-25T12:17:07.136166+00:00,4330000,33.7,62.1
2026-06-25T12:17:17.432053+00:00,4340000,33.7,62.1
2026-06-25T12:17:27.216177+00:00,4350000,33.6,62.2
2026-06-25T12:17:37.252741+00:00,4360000,33.7,62.2
2026-06-25T12:17:47.294359+00:00,4370000,33.7,62.3
2026-06-25T12:17:57.123681+00:00,4380000,33.7,62.3
2026-06-25T12:18:07.142645+00:00,4390000,33.7,62.3
2026-06-25T12:18:17.229595+00:00,4400000,33.6,62.4
2026-06-25T12:18:27.223998+00:00,4410000,33.7,62.4
2026-06-25T12:18:37.513269+00:00,4420000,33.7,62.4
2026-06-25T12:18:47.141938+00:00,4430000,33.7,62.4
2026-06-25T12:18:57.322945+00:00,4440000,33.7,62.4
2026-06-25T12:19:07.166001+00:00,4450000,33.7,62.4
2026-06-25T12:19:17.188637+00:00,4460000,33.7,62.5
2026-06-25T12:19:27.123441+00:00,4470000,33.7,62.4
2026-06-25T12:19:37.468039+00:00,4480000,33.7,62.5
2026-06-25T12:19:47.303964+00:00,4490000,33.7,62.4
2026-06-25T12:19:57.337561+00:00,4500000,33.7,62.4
2026-06-25T12:20:07.121544+00:00,4510000,33.7,62.4
2026-06-25T12:20:17.205357+00:00,4520000,33.6,62.5
2026-06-25T12:20:27.229737+00:00,4530000,33.7,62.5
2026-06-25T12:20:37.266308+00:00,4540000,33.7,62.5
2026-06-25T12:20:47.123751+00:00,4550000,33.7,62.4
2026-06-25T12:20:57.338153+00:00,4560000,33.7,62.5
2026-06-25T12:21:07.169950+00:00,4570000,33.7,62.4
2026-06-25T12:21:17.410782+00:00,4580000,33.7,62.5
2026-06-25T12:21:27.240486+00:00,4590000,33.7,62.5
2026-06-25T12:21:37.366653+00:00,4600000,33.7,62.5
2026-06-25T12:21:47.173813+00:00,4610000,33.7,62.5
2026-06-25T12:21:57.345187+00:00,4620000,33.7,62.5
2026-06-25T12:22:07.414635+00:00,4630000,33.7,62.5
2026-06-25T12:22:17.126858+00:00,4640000,33.7,62.5
2026-06-25T12:22:27.122113+00:00,4650000,33.7,62.5
2026-06-25T12:22:37.382169+00:00,4660000,33.7,62.5
2026-06-25T12:22:47.326221+00:00,4670000,33.7,62.4
2026-06-25T12:22:57.352070+00:00,4680000,33.7,62.4
2026-06-25T12:23:07.185281+00:00,4690000,33.7,62.4
2026-06-25T12:23:17.218689+00:00,4700000,33.7,62.4
2026-06-25T12:23:27.306052+00:00,4710000,33.7,62.4
2026-06-25T12:23:37.124788+00:00,4720000,33.7,62.4
2026-06-25T12:23:47.327545+00:00,4730000,33.7,62.4
2026-06-25T12:23:57.166371+00:00,4740000,33.7,62.4
2026-06-25T12:24:07.224704+00:00,4750000,33.7,62.4
2026-06-25T12:24:18.409937+00:00,4760000,33.7,62.5
2026-06-25T12:24:27.127131+00:00,4770000,33.7,62.4
2026-06-25T12:24:37.123880+00:00,4780000,33.7,62.5
2026-06-25T12:24:47.332137+00:00,4790000,33.7,62.5
2026-06-25T12:24:57.135483+00:00,4800000,33.7,62.4
2026-06-25T12:25:07.129353+00:00,4810000,33.7,62.6
2026-06-25T12:25:17.236331+00:00,4820000,33.7,62.6
2026-06-25T12:25:27.269518+00:00,4830000,33.7,62.6
2026-06-25T12:25:37.305617+00:00,4840000,33.7,62.6
2026-06-25T12:25:47.396735+00:00,4850000,33.7,62.5
2026-06-25T12:25:57.377094+00:00,4860000,33.7,62.6
2026-06-25T12:26:07.618135+00:00,4870000,33.7,62.5
2026-06-25T12:26:17.490566+00:00,4880000,33.7,62.5
2026-06-25T12:26:27.498460+00:00,4890000,33.7,62.5
2026-06-25T12:26:37.320496+00:00,4900000,33.7,62.4
2026-06-25T12:26:47.350973+00:00,4910000,33.7,62.4
2026-06-25T12:26:57.190844+00:00,4920000,33.7,62.4
2026-06-25T12:27:07.217712+00:00,4930000,33.7,62.4
2026-06-25T12:27:17.174875+00:00,4940000,33.8,62.4
2026-06-25T12:27:27.285429+00:00,4950000,33.7,62.5
2026-06-25T12:27:37.608467+00:00,4960000,33.7,62.5
2026-06-25T12:27:47.179184+00:00,4970000,33.7,62.6
2026-06-25T12:27:57.167255+00:00,4980000,33.7,62.6
2026-06-25T12:28:07.675759+00:00,4990000,33.8,62.6
2026-06-25T12:28:17.667173+00:00,5000000,33.7,62.5
2026-06-25T12:28:27.292451+00:00,5010000,33.8,62.6
2026-06-25T12:28:37.176254+00:00,5020000,33.7,62.6
2026-06-25T12:28:47.376246+00:00,5030000,33.7,62.6
2026-06-25T12:28:57.195639+00:00,5040000,33.7,62.6
2026-06-25T12:29:07.257791+00:00,5050000,33.7,62.6
2026-06-25T12:29:17.264790+00:00,5060000,33.8,62.6
2026-06-25T12:29:27.533585+00:00,5070000,33.8,62.6
2026-06-25T12:29:37.424047+00:00,5080000,33.7,62.7
2026-06-25T12:29:47.165789+00:00,5090000,33.7,62.7
2026-06-25T12:29:57.612218+00:00,5100000,33.7,62.7
2026-06-25T12:30:07.301655+00:00,5110000,33.8,62.8
2026-06-25T12:30:17.326047+00:00,5120000,33.7,62.8
2026-06-25T12:30:27.435003+00:00,5130000,33.7,62.8
2026-06-25T12:30:37.348048+00:00,5140000,33.7,62.8
2026-06-25T12:30:47.158878+00:00,5150000,33.7,62.8
2026-06-25T12:30:57.213064+00:00,5160000,33.7,62.8
2026-06-25T12:31:07.244278+00:00,5170000,33.7,62.7
2026-06-25T12:31:17.281225+00:00,5180000,33.7,62.7
2026-06-25T12:31:27.521925+00:00,5190000,33.7,62.7
2026-06-25T12:31:37.354823+00:00,5200000,33.8,62.7
2026-06-25T12:31:47.396409+00:00,5210000,33.7,62.6
2026-06-25T12:31:57.319060+00:00,5220000,33.7,62.6
2026-06-25T12:32:07.309552+00:00,5230000,33.7,62.7
2026-06-25T12:32:17.346277+00:00,5240000,33.7,62.6
2026-06-25T12:32:27.331762+00:00,5250000,33.7,62.6
2026-06-25T12:32:37.369057+00:00,5260000,33.7,62.6
2026-06-25T12:32:47.182574+00:00,5270000,33.7,62.5
2026-06-25T12:32:57.181343+00:00,5280000,33.7,62.5
2026-06-25T12:33:07.140923+00:00,5290000,33.8,62.6
2026-06-25T12:33:17.192199+00:00,5300000,33.7,62.5
2026-06-25T12:33:27.339510+00:00,5310000,33.7,62.5
2026-06-25T12:33:37.424721+00:00,5320000,33.8,62.4
2026-06-25T12:33:47.706589+00:00,5330000,33.7,62.4
2026-06-25T12:33:57.191964+00:00,5340000,33.8,62.3
2026-06-25T12:34:07.268764+00:00,5350000,33.8,62.4
2026-06-25T12:34:17.526646+00:00,5360000,33.8,62.4
2026-06-25T12:34:27.340049+00:00,5370000,33.8,62.3
2026-06-25T12:34:37.373644+00:00,5380000,33.8,62.3
2026-06-25T12:34:47.408690+00:00,5390000,33.8,62.3
2026-06-25T12:34:57.241127+00:00,5400000,33.8,62.3
2026-06-25T12:35:07.184079+00:00,5410000,33.8,62.3
2026-06-25T12:35:17.312538+00:00,5420000,33.8,62.3
2026-06-25T12:35:27.350595+00:00,5430000,33.8,62.2
2026-06-25T12:35:37.385648+00:00,5440000,33.8,62.2
2026-06-25T12:35:47.417354+00:00,5450000,33.8,62.1
2026-06-25T12:35:57.206753+00:00,5460000,33.8,62.2
2026-06-25T12:36:07.489749+00:00,5470000,33.7,62.2
2026-06-25T12:36:17.318641+00:00,5480000,33.8,62.1
2026-06-25T12:36:27.448671+00:00,5490000,33.8,62
2026-06-25T12:36:37.389549+00:00,5500000,33.8,62.1
2026-06-25T12:36:47.248457+00:00,5510000,33.8,62
2026-06-25T12:36:57.257798+00:00,5520000,33.8,62
2026-06-25T12:37:07.499822+00:00,5530000,33.8,62
2026-06-25T12:37:17.327434+00:00,5540000,33.8,62
2026-06-25T12:37:27.225433+00:00,5550000,33.8,62
2026-06-25T12:37:37.262712+00:00,5560000,33.8,62
2026-06-25T12:37:47.228424+00:00,5570000,33.8,62.1
2026-06-25T12:37:57.267921+00:00,5580000,33.8,62.1
2026-06-25T12:38:07.505354+00:00,5590000,33.8,62.1
2026-06-25T12:38:17.155012+00:00,5600000,33.8,62.2
2026-06-25T12:38:27.420215+00:00,5610000,33.8,62.3
2026-06-25T12:38:37.199648+00:00,5620000,33.8,62.4
2026-06-25T12:38:47.244010+00:00,5630000,33.8,62.5
2026-06-25T12:38:57.383238+00:00,5640000,33.8,62.6
2026-06-25T12:39:07.311433+00:00,5650000,33.8,62.6
2026-06-25T12:39:17.207298+00:00,5660000,33.8,62.6
2026-06-25T12:39:27.180616+00:00,5670000,33.8,62.7
2026-06-25T12:39:37.637957+00:00,5680000,33.7,62.7
2026-06-25T12:39:47.296252+00:00,5690000,33.8,62.7
2026-06-25T12:39:57.282626+00:00,5700000,33.8,62.7
2026-06-25T12:40:07.314019+00:00,5710000,33.7,62.7
2026-06-25T12:40:17.400170+00:00,5720000,33.8,62.7
2026-06-25T12:40:27.153179+00:00,5730000,33.8,62.7
2026-06-25T12:40:37.213484+00:00,5740000,33.8,62.7
2026-06-25T12:40:47.250052+00:00,5750000,33.8,62.8
2026-06-25T12:40:57.286482+00:00,5760000,33.8,62.8
2026-06-25T12:41:07.536169+00:00,5770000,33.8,62.8
2026-06-25T12:41:17.368471+00:00,5780000,33.8,62.8
2026-06-25T12:41:27.201160+00:00,5790000,33.7,62.8
2026-06-25T12:41:37.223289+00:00,5800000,33.8,62.8
2026-06-25T12:41:47.296769+00:00,5810000,33.8,62.9
2026-06-25T12:41:57.295293+00:00,5820000,33.7,63
2026-06-25T12:42:07.199826+00:00,5830000,33.8,63
2026-06-25T12:42:17.204862+00:00,5840000,33.8,62.9
2026-06-25T12:42:27.195876+00:00,5850000,33.7,62.9
2026-06-25T12:42:37.673273+00:00,5860000,33.8,63
2026-06-25T12:42:47.476442+00:00,5870000,33.8,63
2026-06-25T12:42:57.302049+00:00,5880000,33.8,63
2026-06-25T12:43:07.439444+00:00,5890000,33.7,63
2026-06-25T12:43:17.372374+00:00,5900000,33.7,63
2026-06-25T12:43:27.215057+00:00,5910000,33.7,63
2026-06-25T12:43:37.254088+00:00,5920000,33.7,63
2026-06-25T12:43:47.374179+00:00,5930000,33.8,63.1
2026-06-25T12:43:57.317528+00:00,5940000,33.8,63.2
2026-06-25T12:44:07.344365+00:00,5950000,33.7,63.1
2026-06-25T12:44:17.431193+00:00,5960000,33.8,63.1
2026-06-25T12:44:27.415978+00:00,5970000,33.8,63.1
2026-06-25T12:44:37.251140+00:00,5980000,33.7,63.1
2026-06-25T12:44:47.289524+00:00,5990000,33.7,63.1
2026-06-25T12:44:57.316304+00:00,6000000,33.8,63.1
2026-06-25T12:45:07.352967+00:00,6010000,33.8,63.1
2026-06-25T12:45:17.618959+00:00,6020000,33.8,63
2026-06-25T12:45:27.219233+00:00,6030000,33.7,63
2026-06-25T12:45:37.500575+00:00,6040000,33.7,63.1
2026-06-25T12:45:47.291901+00:00,6050000,33.7,63.1
2026-06-25T12:45:57.324490+00:00,6060000,33.8,63
2026-06-25T12:46:07.233673+00:00,6070000,33.8,63.1
2026-06-25T12:46:17.396826+00:00,6080000,33.8,63.1
2026-06-25T12:46:27.229538+00:00,6090000,33.8,63.1
2026-06-25T12:46:37.181737+00:00,6100000,33.8,63.1
2026-06-25T12:46:47.169960+00:00,6110000,33.7,63.1
2026-06-25T12:46:57.177829+00:00,6120000,33.8,63.1
2026-06-25T12:47:07.402529+00:00,6130000,33.8,63.1
2026-06-25T12:47:17.182916+00:00,6140000,33.8,63.1
2026-06-25T12:47:27.234322+00:00,6150000,33.8,63.1
2026-06-25T12:47:37.288027+00:00,6160000,33.8,63.1
2026-06-25T12:47:47.306379+00:00,6170000,33.8,63.1
2026-06-25T12:47:57.363735+00:00,6180000,33.8,63.1
2026-06-25T12:48:07.580873+00:00,6190000,33.7,63.1
2026-06-25T12:48:17.440207+00:00,6200000,33.8,63.2
2026-06-25T12:48:27.242305+00:00,6210000,33.8,63.3
2026-06-25T12:48:37.202635+00:00,6220000,33.8,63.2
2026-06-25T12:48:47.321660+00:00,6230000,33.8,63.2
2026-06-25T12:48:57.555751+00:00,6240000,33.8,63.2
2026-06-25T12:49:07.179247+00:00,6250000,33.7,63.2
2026-06-25T12:49:17.423831+00:00,6260000,33.8,63.2
2026-06-25T12:49:27.172612+00:00,6270000,33.8,63.2
2026-06-25T12:49:37.285459+00:00,6280000,33.7,63.1
2026-06-25T12:49:47.320414+00:00,6290000,33.8,63.2
2026-06-25T12:49:57.598493+00:00,6300000,33.7,63.2
2026-06-25T12:50:07.220104+00:00,6310000,33.7,63.1
2026-06-25T12:50:17.452500+00:00,6320000,33.8,63.1
2026-06-25T12:50:27.178871+00:00,6330000,33.8,63.1
2026-06-25T12:50:37.345422+00:00,6340000,33.8,63.1
2026-06-25T12:50:47.328048+00:00,6350000,33.7,63
2026-06-25T12:50:57.363539+00:00,6360000,33.8,63.1
2026-06-25T12:51:07.399149+00:00,6370000,33.8,63.1
2026-06-25T12:51:17.228892+00:00,6380000,33.8,63.1
2026-06-25T12:51:27.285060+00:00,6390000,33.8,63
2026-06-25T12:51:37.300256+00:00,6400000,33.8,63.1
2026-06-25T12:51:47.336165+00:00,6410000,33.8,63.1
2026-06-25T12:51:57.370726+00:00,6420000,33.8,63.1
2026-06-25T12:52:07.626551+00:00,6430000,33.8,63.1
2026-06-25T12:52:17.240445+00:00,6440000,33.8,63.1
2026-06-25T12:52:27.272934+00:00,6450000,33.8,63.1
2026-06-25T12:52:37.222332+00:00,6460000,33.7,63.1
2026-06-25T12:52:47.346430+00:00,6470000,33.7,63.1
2026-06-25T12:52:57.242180+00:00,6480000,33.7,63.1
2026-06-25T12:53:07.414465+00:00,6490000,33.8,63.1
2026-06-25T12:53:17.248504+00:00,6500000,33.8,63.1
2026-06-25T12:53:27.183945+00:00,6510000,33.8,63
2026-06-25T12:53:37.320684+00:00,6520000,33.8,63.1
2026-06-25T12:53:47.178541+00:00,6530000,33.8,63
2026-06-25T12:53:57.282214+00:00,6540000,33.8,63.1
2026-06-25T12:54:07.185261+00:00,6550000,33.7,63.1
2026-06-25T12:54:17.252461+00:00,6560000,33.8,63.1
2026-06-25T12:54:27.199310+00:00,6570000,33.8,63
2026-06-25T12:54:37.323821+00:00,6580000,33.7,63
2026-06-25T12:54:47.359237+00:00,6590000,33.7,63
2026-06-25T12:54:57.394447+00:00,6600000,33.8,63
2026-06-25T12:55:07.309546+00:00,6610000,33.8,63
2026-06-25T12:55:17.285484+00:00,6620000,33.7,63
2026-06-25T12:55:27.296005+00:00,6630000,33.8,63
2026-06-25T12:55:37.335354+00:00,6640000,33.8,62.9
2026-06-25T12:55:47.392123+00:00,6650000,33.8,62.9
2026-06-25T12:55:57.633922+00:00,6660000,33.8,62.9
2026-06-25T12:56:07.341493+00:00,6670000,33.8,62.8
2026-06-25T12:56:17.325778+00:00,6680000,33.8,62.9
2026-06-25T12:56:27.330344+00:00,6690000,33.8,62.9
2026-06-25T12:56:37.339799+00:00,6700000,33.8,62.9
2026-06-25T12:56:47.244439+00:00,6710000,33.8,62.9
2026-06-25T12:56:57.227058+00:00,6720000,33.8,62.9
2026-06-25T12:57:07.246617+00:00,6730000,33.8,62.8
2026-06-25T12:57:17.275048+00:00,6740000,33.8,62.9
2026-06-25T12:57:27.314070+00:00,6750000,33.8,62.9
2026-06-25T12:57:37.461652+00:00,6760000,33.8,62.8
2026-06-25T12:57:47.382036+00:00,6770000,33.8,62.9
2026-06-25T12:57:57.194843+00:00,6780000,33.8,62.9
2026-06-25T12:58:07.217240+00:00,6790000,33.8,62.9
2026-06-25T12:58:17.283759+00:00,6800000,33.8,62.9
2026-06-25T12:58:27.365675+00:00,6810000,33.8,62.9
2026-06-25T12:58:37.764132+00:00,6820000,33.8,62.9
2026-06-25T12:58:47.618368+00:00,6830000,33.8,62.9
2026-06-25T12:58:57.477657+00:00,6840000,33.8,62.8
2026-06-25T12:59:07.264735+00:00,6850000,33.8,62.8
2026-06-25T12:59:17.205806+00:00,6860000,33.8,62.8
2026-06-25T12:59:27.326942+00:00,6870000,33.8,62.7
2026-06-25T12:59:37.362495+00:00,6880000,33.8,62.7
2026-06-25T12:59:47.398171+00:00,6890000,33.8,62.8
2026-06-25T12:59:57.269428+00:00,6900000,33.8,62.6
2026-06-25T13:00:07.277310+00:00,6910000,33.8,62.7
2026-06-25T13:00:17.345614+00:00,6920000,33.8,62.7
2026-06-25T13:00:27.334327+00:00,6930000,33.8,62.7
2026-06-25T13:00:37.369889+00:00,6940000,33.8,62.6
2026-06-25T13:00:47.231940+00:00,6950000,33.8,62.6
2026-06-25T13:00:57.235748+00:00,6960000,33.8,62.6
2026-06-25T13:01:07.271288+00:00,6970000,33.8,62.6
2026-06-25T13:01:17.716466+00:00,6980000,33.8,62.6
2026-06-25T13:01:27.342098+00:00,6990000,33.8,62.5
2026-06-25T13:01:37.423084+00:00,7000000,33.8,62.5
2026-06-25T13:01:47.415030+00:00,7010000,33.8,62.5
2026-06-25T13:01:57.218818+00:00,7020000,33.8,62.5
2026-06-25T13:02:07.279198+00:00,7030000,33.8,62.5
2026-06-25T13:02:17.244760+00:00,7040000,33.8,62.5
2026-06-25T13:02:27.350516+00:00,7050000,33.8,62.4
2026-06-25T13:02:37.384932+00:00,7060000,33.8,62.4
2026-06-25T13:02:47.429419+00:00,7070000,33.8,62.4
2026-06-25T13:02:57.733979+00:00,7080000,33.8,62.4
2026-06-25T13:03:07.394461+00:00,7090000,33.8,62.3
2026-06-25T13:03:17.321956+00:00,7100000,33.8,62.3
2026-06-25T13:03:27.202552+00:00,7110000,33.8,62.3
2026-06-25T13:03:37.394260+00:00,7120000,33.8,62.2
2026-06-25T13:03:47.216447+00:00,7130000,33.8,62.3
2026-06-25T13:03:57.469688+00:00,7140000,33.8,62.2
2026-06-25T13:04:07.294369+00:00,7150000,33.8,62.3
2026-06-25T13:04:17.330811+00:00,7160000,33.8,62.2
2026-06-25T13:04:27.378534+00:00,7170000,33.9,62.2
2026-06-25T13:04:37.400297+00:00,7180000,33.8,62.2
2026-06-25T13:04:47.438497+00:00,7190000,33.8,62.2
2026-06-25T13:04:57.570365+00:00,7200000,33.8,62.2
2026-06-25T13:05:07.722170+00:00,7210000,33.8,62.2
2026-06-25T13:05:17.225641+00:00,7220000,33.8,62.2
2026-06-25T13:05:27.419078+00:00,7230000,33.8,62.3
2026-06-25T13:05:37.408728+00:00,7240000,33.8,62.2
2026-06-25T13:05:47.443777+00:00,7250000,33.8,62.2
2026-06-25T13:05:57.274815+00:00,7260000,33.8,62.2
2026-06-25T13:06:07.310142+00:00,7270000,33.8,62.2
2026-06-25T13:06:17.607599+00:00,7280000,33.8,62.2
2026-06-25T13:06:27.380808+00:00,7290000,33.8,62.2
2026-06-25T13:06:37.213108+00:00,7300000,33.8,62.3
2026-06-25T13:06:47.451131+00:00,7310000,33.8,62.2
2026-06-25T13:06:57.239005+00:00,7320000,33.8,62.2
2026-06-25T13:07:07.317753+00:00,7330000,33.8,62.2
2026-06-25T13:07:17.358300+00:00,7340000,33.8,62.2
2026-06-25T13:07:27.388336+00:00,7350000,33.8,62.2
2026-06-25T13:07:37.276017+00:00,7360000,33.8,62.2
2026-06-25T13:07:47.563449+00:00,7370000,33.8,62.3
2026-06-25T13:07:57.295537+00:00,7380000,33.8,62.2
2026-06-25T13:08:07.530976+00:00,7390000,33.8,62.2
2026-06-25T13:08:17.363695+00:00,7400000,33.8,62.3
2026-06-25T13:08:27.399374+00:00,7410000,33.8,62.3
2026-06-25T13:08:37.432444+00:00,7420000,33.8,62.3
2026-06-25T13:08:47.262416+00:00,7430000,33.8,62.3
2026-06-25T13:08:57.312261+00:00,7440000,33.8,62.3
2026-06-25T13:09:07.537908+00:00,7450000,33.8,62.3
2026-06-25T13:09:17.451196+00:00,7460000,33.8,62.2
2026-06-25T13:09:27.813388+00:00,7470000,33.8,62.3
2026-06-25T13:09:37.439594+00:00,7480000,33.8,62.3
2026-06-25T13:09:47.476044+00:00,7490000,33.8,62.3
2026-06-25T13:09:57.309669+00:00,7500000,33.8,62.3
2026-06-25T13:10:07.340302+00:00,7510000,33.8,62.3
2026-06-25T13:10:17.384164+00:00,7520000,33.8,62.3
2026-06-25T13:10:27.414458+00:00,7530000,33.8,62.3
2026-06-25T13:10:37.447767+00:00,7540000,33.8,62.3
2026-06-25T13:10:47.277500+00:00,7550000,33.8,62.2
2026-06-25T13:10:57.315853+00:00,7560000,33.8,62.2
2026-06-25T13:11:07.398206+00:00,7570000,33.8,62.2
2026-06-25T13:11:17.383892+00:00,7580000,33.8,62.3
2026-06-25T13:11:27.632690+00:00,7590000,33.8,62.3
2026-06-25T13:11:37.454794+00:00,7600000,33.8,62.3
2026-06-25T13:11:47.285591+00:00,7610000,33.8,62.2
2026-06-25T13:11:57.321151+00:00,7620000,33.8,62.2
2026-06-25T13:12:07.355873+00:00,7630000,33.8,62.3
2026-06-25T13:12:17.391773+00:00,7640000,33.8,62.2
2026-06-25T13:12:27.294035+00:00,7650000,33.8,62.2
2026-06-25T13:12:37.462260+00:00,7660000,33.8,62.2
2026-06-25T13:12:47.499531+00:00,7670000,33.8,62.1
2026-06-25T13:12:57.372807+00:00,7680000,33.8,62.1
2026-06-25T13:13:07.364157+00:00,7690000,33.8,62.1
2026-06-25T13:13:17.297572+00:00,7700000,33.8,62.1
2026-06-25T13:13:27.440538+00:00,7710000,33.8,62.2
2026-06-25T13:13:37.229273+00:00,7720000,33.8,62.1
2026-06-25T13:13:47.301500+00:00,7730000,33.8,62
2026-06-25T13:13:57.248234+00:00,7740000,33.8,62.1
2026-06-25T13:14:07.883545+00:00,7750000,33.8,62.1
2026-06-25T13:14:17.976261+00:00,7760000,33.8,62.1
2026-06-25T13:14:28.058658+00:00,7770000,33.8,62.1
2026-06-25T13:14:37.704618+00:00,7780000,33.8,62.1
2026-06-25T13:14:47.278236+00:00,7790000,33.8,62.1
2026-06-25T13:14:57.380796+00:00,7800000,33.8,62.1
2026-06-25T13:15:07.710542+00:00,7810000,33.8,62.1
2026-06-25T13:15:17.414931+00:00,7820000,33.8,62.1
2026-06-25T13:15:27.591644+00:00,7830000,33.8,62.1
2026-06-25T13:15:37.537209+00:00,7840000,33.8,62.1
2026-06-25T13:15:47.283554+00:00,7850000,33.8,62.2
2026-06-25T13:15:57.354478+00:00,7860000,33.8,62.1
2026-06-25T13:16:07.387288+00:00,7870000,33.8,62.1
2026-06-25T13:16:17.293696+00:00,7880000,33.8,62.1
2026-06-25T13:16:27.457649+00:00,7890000,33.8,62.1
2026-06-25T13:16:37.302517+00:00,7900000,33.8,62.1
2026-06-25T13:16:47.237151+00:00,7910000,33.8,62.1
2026-06-25T13:16:57.360664+00:00,7920000,33.8,62
2026-06-25T13:17:07.810448+00:00,7930000,33.8,62.1
2026-06-25T13:17:17.326451+00:00,7940000,33.8,62.1
2026-06-25T13:17:27.228763+00:00,7950000,33.8,62
2026-06-25T13:17:37.297815+00:00,7960000,33.8,62.1
2026-06-25T13:17:47.241986+00:00,7970000,33.8,62
2026-06-25T13:17:57.378603+00:00,7980000,33.8,62
2026-06-25T13:18:07.623019+00:00,7990000,33.8,62.1
2026-06-25T13:18:17.274545+00:00,8000000,33.8,62.1
2026-06-25T13:18:27.475776+00:00,8010000,33.8,62
2026-06-25T13:18:37.536491+00:00,8020000,33.8,62
2026-06-25T13:18:47.344710+00:00,8030000,33.8,62
2026-06-25T13:18:57.582048+00:00,8040000,33.8,62
2026-06-25T13:19:07.617590+00:00,8050000,33.8,62
2026-06-25T13:19:17.449590+00:00,8060000,33.8,62
2026-06-25T13:19:27.689443+00:00,8070000,33.8,61.9
2026-06-25T13:19:37.313639+00:00,8080000,33.8,62
2026-06-25T13:19:47.354839+00:00,8090000,33.8,62
2026-06-25T13:19:57.591377+00:00,8100000,33.8,62
2026-06-25T13:20:07.522422+00:00,8110000,33.8,62
2026-06-25T13:20:17.666057+00:00,8120000,33.8,62
2026-06-25T13:20:27.491236+00:00,8130000,33.8,62
2026-06-25T13:20:37.526376+00:00,8140000,33.8,62.1
2026-06-25T13:20:47.418355+00:00,8150000,33.8,62
2026-06-25T13:20:57.246029+00:00,8160000,33.8,62
2026-06-25T13:21:07.444570+00:00,8170000,33.8,62
2026-06-25T13:21:17.465932+00:00,8180000,33.8,62
2026-06-25T13:21:27.294942+00:00,8190000,33.8,62.1
2026-06-25T13:21:37.329653+00:00,8200000,33.8,62.1
2026-06-25T13:21:47.272917+00:00,8210000,33.8,62.1
2026-06-25T13:21:57.605431+00:00,8220000,33.8,62.2
2026-06-25T13:22:07.279137+00:00,8230000,33.8,62.2
2026-06-25T13:22:17.468133+00:00,8240000,33.8,62.2
2026-06-25T13:22:27.530135+00:00,8250000,33.8,62.3
2026-06-25T13:22:37.539075+00:00,8260000,33.8,62.2
2026-06-25T13:22:47.260902+00:00,8270000,33.8,62.3
2026-06-25T13:22:57.405511+00:00,8280000,33.8,62.3
2026-06-25T13:23:07.645795+00:00,8290000,33.8,62.3
2026-06-25T13:23:17.267506+00:00,8300000,33.8,62.4
2026-06-25T13:23:27.307118+00:00,8310000,33.8,62.3
2026-06-25T13:23:37.341771+00:00,8320000,33.8,62.3
2026-06-25T13:23:47.470305+00:00,8330000,33.8,62.4
2026-06-25T13:23:57.418840+00:00,8340000,33.8,62.3
2026-06-25T13:24:07.709433+00:00,8350000,33.8,62.4
2026-06-25T13:24:17.285023+00:00,8360000,33.8,62.4
2026-06-25T13:24:27.518522+00:00,8370000,33.8,62.4
2026-06-25T13:24:37.245036+00:00,8380000,33.8,62.5
2026-06-25T13:24:47.590049+00:00,8390000,33.8,62.4
2026-06-25T13:24:57.421921+00:00,8400000,33.8,62.5
2026-06-25T13:25:07.456367+00:00,8410000,33.8,62.5
2026-06-25T13:25:17.287613+00:00,8420000,33.8,62.5
2026-06-25T13:25:27.322175+00:00,8430000,33.8,62.5
2026-06-25T13:25:37.358077+00:00,8440000,33.8,62.5
2026-06-25T13:25:47.599236+00:00,8450000,33.8,62.6
2026-06-25T13:25:57.282647+00:00,8460000,33.8,62.6
2026-06-25T13:26:07.258037+00:00,8470000,33.8,62.6
2026-06-25T13:26:17.499405+00:00,8480000,33.8,62.6
2026-06-25T13:26:27.358806+00:00,8490000,33.8,62.6
2026-06-25T13:26:37.262175+00:00,8500000,33.8,62.7
2026-06-25T13:26:47.617323+00:00,8510000,33.8,62.7
2026-06-25T13:26:57.254541+00:00,8520000,33.8,62.7
2026-06-25T13:27:07.482057+00:00,8530000,33.8,62.7
2026-06-25T13:27:17.603380+00:00,8540000,33.8,62.7
2026-06-25T13:27:27.252710+00:00,8550000,33.8,62.7
2026-06-25T13:27:37.373639+00:00,8560000,33.8,62.7
2026-06-25T13:27:47.614871+00:00,8570000,33.8,62.8
2026-06-25T13:27:57.464880+00:00,8580000,33.8,62.7
2026-06-25T13:28:07.479548+00:00,8590000,33.8,62.8
2026-06-25T13:28:17.514856+00:00,8600000,33.8,62.8
2026-06-25T13:28:27.345612+00:00,8610000,33.8,62.8
2026-06-25T13:28:37.297517+00:00,8620000,33.8,62.9
2026-06-25T13:28:47.825909+00:00,8630000,33.8,62.9
2026-06-25T13:28:57.451723+00:00,8640000,33.8,62.9
2026-06-25T13:29:07.487693+00:00,8650000,33.8,62.9
2026-06-25T13:29:17.338327+00:00,8660000,33.8,62.9
2026-06-25T13:29:27.354418+00:00,8670000,33.8,62.8
2026-06-25T13:29:37.285060+00:00,8680000,33.8,62.9
2026-06-25T13:29:47.424494+00:00,8690000,33.8,62.9
2026-06-25T13:29:57.462571+00:00,8700000,33.8,62.9
2026-06-25T13:30:07.494304+00:00,8710000,33.8,62.9
2026-06-25T13:30:17.293349+00:00,8720000,33.8,62.9
2026-06-25T13:30:27.515405+00:00,8730000,33.8,62.8
2026-06-25T13:30:37.396313+00:00,8740000,33.8,62.8
2026-06-25T13:30:47.293541+00:00,8750000,33.8,62.8
2026-06-25T13:30:57.835208+00:00,8760000,33.8,62.8
2026-06-25T13:31:07.508193+00:00,8770000,33.8,62.7
2026-06-25T13:31:17.333378+00:00,8780000,33.8,62.7
2026-06-25T13:31:27.368719+00:00,8790000,33.8,62.6
2026-06-25T13:31:37.408912+00:00,8800000,33.8,62.6
2026-06-25T13:31:47.442051+00:00,8810000,33.8,62.6
2026-06-25T13:31:57.493720+00:00,8820000,33.7,62.6
2026-06-25T13:32:07.524659+00:00,8830000,33.7,62.6
2026-06-25T13:32:17.354176+00:00,8840000,33.7,62.7
2026-06-25T13:32:27.462505+00:00,8850000,33.7,62.6
2026-06-25T13:32:37.464355+00:00,8860000,33.7,62.7
2026-06-25T13:32:47.451322+00:00,8870000,33.7,62.6
2026-06-25T13:32:57.703259+00:00,8880000,33.7,62.7
2026-06-25T13:33:07.519303+00:00,8890000,33.7,62.7
2026-06-25T13:33:17.316865+00:00,8900000,33.7,62.6
2026-06-25T13:33:27.307223+00:00,8910000,33.7,62.7
2026-06-25T13:33:37.421656+00:00,8920000,33.7,62.8
2026-06-25T13:33:47.353422+00:00,8930000,33.7,62.7
2026-06-25T13:33:57.705117+00:00,8940000,33.7,62.8
2026-06-25T13:34:07.379105+00:00,8950000,33.7,62.8
2026-06-25T13:34:17.358740+00:00,8960000,33.7,62.8
2026-06-25T13:34:27.392729+00:00,8970000,33.7,62.8
2026-06-25T13:34:37.428996+00:00,8980000,33.7,62.8
2026-06-25T13:34:47.287251+00:00,8990000,33.7,62.8
2026-06-25T13:34:57.501793+00:00,9000000,33.7,62.8
2026-06-25T13:35:07.263010+00:00,9010000,33.7,62.9
2026-06-25T13:35:17.571497+00:00,9020000,33.7,62.9
2026-06-25T13:35:27.275733+00:00,9030000,33.7,62.9
2026-06-25T13:35:38.083073+00:00,9040000,33.7,62.9
2026-06-25T13:35:47.469814+00:00,9050000,33.7,63
2026-06-25T13:35:57.278630+00:00,9060000,33.6,63
2026-06-25T13:36:07.588972+00:00,9070000,33.7,63
2026-06-25T13:36:17.781084+00:00,9080000,33.7,63
2026-06-25T13:36:27.633484+00:00,9090000,33.7,63.1
2026-06-25T13:36:37.446039+00:00,9100000,33.6,63.1
2026-06-25T13:36:47.311452+00:00,9110000,33.7,63.1
2026-06-25T13:36:57.944756+00:00,9120000,33.6,63.1
2026-06-25T13:37:07.353992+00:00,9130000,33.7,63.2
2026-06-25T13:37:17.382322+00:00,9140000,33.7,63.2
2026-06-25T13:37:27.300207+00:00,9150000,33.7,63.2
2026-06-25T13:37:37.678332+00:00,9160000,33.7,63.2
2026-06-25T13:37:47.520974+00:00,9170000,33.7,63.3
2026-06-25T13:37:57.522057+00:00,9180000,33.7,63.3
2026-06-25T13:38:07.359898+00:00,9190000,33.7,63.2
2026-06-25T13:38:17.391343+00:00,9200000,33.7,63.3
2026-06-25T13:38:27.424301+00:00,9210000,33.7,63.3
2026-06-25T13:38:37.457609+00:00,9220000,33.7,63.3
2026-06-25T13:38:47.498503+00:00,9230000,33.7,63.4
2026-06-25T13:38:57.755715+00:00,9240000,33.8,63.4
2026-06-25T13:39:07.568256+00:00,9250000,33.7,63.4
2026-06-25T13:39:17.397623+00:00,9260000,33.7,63.4
2026-06-25T13:39:27.306738+00:00,9270000,33.7,63.4
2026-06-25T13:39:37.467672+00:00,9280000,33.8,63.5
2026-06-25T13:39:47.578216+00:00,9290000,33.8,63.5
2026-06-25T13:39:57.540256+00:00,9300000,33.7,63.5
2026-06-25T13:40:07.367013+00:00,9310000,33.8,63.6
2026-06-25T13:40:17.401883+00:00,9320000,33.8,63.6
2026-06-25T13:40:27.273183+00:00,9330000,33.8,63.6
2026-06-25T13:40:37.474784+00:00,9340000,33.8,63.6
2026-06-25T13:40:47.508208+00:00,9350000,33.8,63.7
2026-06-25T13:40:57.548966+00:00,9360000,33.8,63.8
2026-06-25T13:41:07.278023+00:00,9370000,33.8,63.9
2026-06-25T13:41:17.410663+00:00,9380000,33.8,64
2026-06-25T13:41:27.287214+00:00,9390000,33.8,64
2026-06-25T13:41:37.485006+00:00,9400000,33.8,64.1
2026-06-25T13:41:47.516647+00:00,9410000,33.8,64.2
2026-06-25T13:41:57.552713+00:00,9420000,33.8,64.1
2026-06-25T13:42:07.588151+00:00,9430000,33.8,64.2
2026-06-25T13:42:17.312200+00:00,9440000,33.8,64.3
2026-06-25T13:42:27.453162+00:00,9450000,33.8,64.2
2026-06-25T13:42:37.695502+00:00,9460000,33.9,64.2
2026-06-25T13:42:47.322119+00:00,9470000,33.9,64.3
2026-06-25T13:42:57.559428+00:00,9480000,33.9,64.3
2026-06-25T13:43:07.595214+00:00,9490000,33.9,64.3
2026-06-25T13:43:17.426670+00:00,9500000,33.9,64.3
2026-06-25T13:43:27.540706+00:00,9510000,33.9,64.3
2026-06-25T13:43:37.340673+00:00,9520000,33.9,64.3
2026-06-25T13:43:47.738041+00:00,9530000,33.9,64.4
2026-06-25T13:43:57.326540+00:00,9540000,34,64.3
2026-06-25T13:44:07.348786+00:00,9550000,34,64.3
2026-06-25T13:44:17.435885+00:00,9560000,34,64.3
2026-06-25T13:44:27.549846+00:00,9570000,34,64.3
2026-06-25T13:44:37.505924+00:00,9580000,34,64.3
2026-06-25T13:44:47.334812+00:00,9590000,34,64.3
2026-06-25T13:44:57.285169+00:00,9600000,34,64.3
2026-06-25T13:45:07.406940+00:00,9610000,34,64.4
2026-06-25T13:45:17.441546+00:00,9620000,34,64.3
2026-06-25T13:45:27.476466+00:00,9630000,34,64.3
2026-06-25T13:45:37.511728+00:00,9640000,34,64.4
2026-06-25T13:45:47.340123+00:00,9650000,34,64.4
2026-06-25T13:45:57.382675+00:00,9660000,34,64.4
2026-06-25T13:46:07.412708+00:00,9670000,34,64.5
2026-06-25T13:46:17.655107+00:00,9680000,34,64.5
2026-06-25T13:46:27.484324+00:00,9690000,34,64.5
2026-06-25T13:46:37.631373+00:00,9700000,34,64.5
2026-06-25T13:46:47.350630+00:00,9710000,34,64.6
2026-06-25T13:46:57.597881+00:00,9720000,33.9,64.6
2026-06-25T13:47:07.421106+00:00,9730000,34,64.7
2026-06-25T13:47:17.537793+00:00,9740000,34,64.6
2026-06-25T13:47:27.493422+00:00,9750000,34,64.6
2026-06-25T13:47:37.527149+00:00,9760000,34,64.6
2026-06-25T13:47:47.366203+00:00,9770000,33.9,64.6
2026-06-25T13:47:57.292036+00:00,9780000,33.9,64.6
2026-06-25T13:48:07.284750+00:00,9790000,33.9,64.5
2026-06-25T13:48:17.517730+00:00,9800000,33.9,64.6
2026-06-25T13:48:27.293530+00:00,9810000,33.9,64.6
2026-06-25T13:48:37.537062+00:00,9820000,33.9,64.6
2026-06-25T13:48:47.364879+00:00,9830000,33.9,64.6
2026-06-25T13:48:57.691300+00:00,9840000,33.9,64.5
2026-06-25T13:49:07.646286+00:00,9850000,33.9,64.5
2026-06-25T13:49:17.472515+00:00,9860000,33.9,64.5
2026-06-25T13:49:27.510790+00:00,9870000,33.9,64.5
2026-06-25T13:49:37.543928+00:00,9880000,33.9,64.5
2026-06-25T13:49:47.429277+00:00,9890000,33.8,64.5
2026-06-25T13:49:57.413383+00:00,9900000,33.9,64.5
2026-06-25T13:50:07.330088+00:00,9910000,33.9,64.5
2026-06-25T13:50:17.479811+00:00,9920000,33.8,64.5
2026-06-25T13:50:27.296101+00:00,9930000,33.8,64.5
2026-06-25T13:50:37.757959+00:00,9940000,33.9,64.5
2026-06-25T13:50:47.386620+00:00,9950000,33.9,64.6
2026-06-25T13:50:57.621722+00:00,9960000,33.8,64.6
2026-06-25T13:51:07.301787+00:00,9970000,33.8,64.6
2026-06-25T13:51:17.504568+00:00,9980000,33.8,64.6
2026-06-25T13:51:27.804887+00:00,9990000,33.8,64.5
2026-06-25T13:51:37.355366+00:00,10000000,33.8,64.5
2026-06-25T13:51:47.388740+00:00,10010000,33.8,64.6
2026-06-25T13:51:57.629138+00:00,10020000,33.8,64.5
2026-06-25T13:52:07.527175+00:00,10030000,33.9,64.6
2026-06-25T13:52:17.299356+00:00,10040000,33.8,64.8
2026-06-25T13:52:27.605977+00:00,10050000,33.8,64.8
2026-06-25T13:52:37.310159+00:00,10060000,33.8,64.7
2026-06-25T13:52:47.398547+00:00,10070000,33.8,64.7
2026-06-25T13:52:57.637683+00:00,10080000,33.8,64.7
2026-06-25T13:53:07.305250+00:00,10090000,33.8,64.6
2026-06-25T13:53:17.342589+00:00,10100000,33.8,64.7
2026-06-25T13:53:27.330780+00:00,10110000,33.8,64.6
2026-06-25T13:53:37.576710+00:00,10120000,33.8,64.5
2026-06-25T13:53:47.609268+00:00,10130000,33.8,64.6
2026-06-25T13:53:57.439413+00:00,10140000,33.8,64.6
2026-06-25T13:54:07.314481+00:00,10150000,33.8,64.5
2026-06-25T13:54:17.715142+00:00,10160000,33.9,64.5
2026-06-25T13:54:27.546527+00:00,10170000,33.8,64.5
2026-06-25T13:54:37.376433+00:00,10180000,33.8,64.6
2026-06-25T13:54:47.415364+00:00,10190000,33.8,64.6
2026-06-25T13:54:57.446947+00:00,10200000,33.8,64.5
2026-06-25T13:55:07.629570+00:00,10210000,33.8,64.5
2026-06-25T13:55:17.518016+00:00,10220000,33.8,64.6
2026-06-25T13:55:27.348605+00:00,10230000,33.8,64.5
2026-06-25T13:55:37.588235+00:00,10240000,33.8,64.5
2026-06-25T13:55:47.418912+00:00,10250000,33.8,64.5
2026-06-25T13:55:57.659086+00:00,10260000,33.8,64.5
2026-06-25T13:56:07.331068+00:00,10270000,33.8,64.6
2026-06-25T13:56:17.935375+00:00,10280000,33.8,64.5
2026-06-25T13:56:27.309197+00:00,10290000,33.8,64.5
2026-06-25T13:56:37.391322+00:00,10300000,33.8,64.5
2026-06-25T13:56:47.861689+00:00,10310000,33.8,64.6
2026-06-25T13:56:57.694669+00:00,10320000,33.8,64.6
2026-06-25T13:57:07.510029+00:00,10330000,33.8,64.6
2026-06-25T13:57:17.416161+00:00,10340000,33.8,64.6
2026-06-25T13:57:27.317075+00:00,10350000,33.9,64.6
2026-06-25T13:57:37.412729+00:00,10360000,33.8,64.6
2026-06-25T13:57:47.447414+00:00,10370000,33.8,64.6
2026-06-25T13:57:57.472909+00:00,10380000,33.8,64.7
2026-06-25T13:58:07.505106+00:00,10390000,33.8,64.6
2026-06-25T13:58:17.332627+00:00,10400000,33.8,64.8
2026-06-25T13:58:27.372279+00:00,10410000,33.9,64.8
2026-06-25T13:58:37.416708+00:00,10420000,33.9,64.7
2026-06-25T13:58:47.442554+00:00,10430000,33.9,64.7
2026-06-25T13:58:57.685285+00:00,10440000,33.9,64.8
2026-06-25T13:59:07.513185+00:00,10450000,33.9,64.7
2026-06-25T13:59:17.549730+00:00,10460000,33.9,64.7
2026-06-25T13:59:27.346279+00:00,10470000,33.9,64.6
2026-06-25T13:59:37.667946+00:00,10480000,33.9,64.7
2026-06-25T13:59:47.450820+00:00,10490000,33.9,64.6
2026-06-25T13:59:57.497292+00:00,10500000,33.9,64.6
2026-06-25T14:00:07.578110+00:00,10510000,33.9,64.8
2026-06-25T14:00:17.354033+00:00,10520000,33.9,64.7
2026-06-25T14:00:27.455394+00:00,10530000,33.9,64.7
2026-06-25T14:00:37.496117+00:00,10540000,33.9,64.6
2026-06-25T14:00:47.311538+00:00,10550000,33.9,64.7
2026-06-25T14:00:57.493419+00:00,10560000,33.9,64.7
2026-06-25T14:01:07.627340+00:00,10570000,33.9,64.6
2026-06-25T14:01:17.323373+00:00,10580000,33.9,64.7
2026-06-25T14:01:27.395267+00:00,10590000,33.9,64.8
2026-06-25T14:01:37.437560+00:00,10600000,33.9,64.7
2026-06-25T14:01:47.466897+00:00,10610000,33.9,64.8
2026-06-25T14:01:57.830899+00:00,10620000,33.9,64.8
2026-06-25T14:02:07.747514+00:00,10630000,33.9,64.6
2026-06-25T14:02:17.323488+00:00,10640000,33.9,64.7
2026-06-25T14:02:27.404325+00:00,10650000,33.9,64.8
2026-06-25T14:02:37.345821+00:00,10660000,33.9,64.7
2026-06-25T14:02:47.502381+00:00,10670000,33.9,64.7
2026-06-25T14:02:57.368691+00:00,10680000,33.9,64.7
2026-06-25T14:03:07.758432+00:00,10690000,33.9,64.7
2026-06-25T14:03:17.374980+00:00,10700000,33.9,64.8
2026-06-25T14:03:27.410962+00:00,10710000,33.9,64.7
2026-06-25T14:03:37.704304+00:00,10720000,33.9,64.7
2026-06-25T14:03:47.686558+00:00,10730000,33.9,64.9
2026-06-25T14:03:57.779292+00:00,10740000,33.9,64.9
2026-06-25T14:04:07.349998+00:00,10750000,33.9,65
2026-06-25T14:04:17.384552+00:00,10760000,33.9,64.9
2026-06-25T14:04:27.347260+00:00,10770000,33.8,65
2026-06-25T14:04:37.658676+00:00,10780000,33.9,64.9
2026-06-25T14:04:47.694140+00:00,10790000,33.9,64.9
2026-06-25T14:04:57.366473+00:00,10800000,33.8,64.9
2026-06-25T14:05:07.393130+00:00,10810000,33.9,65
2026-06-25T14:05:17.406076+00:00,10820000,33.8,64.9
2026-06-25T14:05:27.323848+00:00,10830000,33.8,64.9
2026-06-25T14:05:37.667192+00:00,10840000,33.8,64.9
2026-06-25T14:05:47.703909+00:00,10850000,33.8,65
2026-06-25T14:05:57.533657+00:00,10860000,33.8,64.9
2026-06-25T14:06:07.588265+00:00,10870000,33.9,64.9
2026-06-25T14:06:17.501335+00:00,10880000,33.8,64.8
2026-06-25T14:06:27.433912+00:00,10890000,33.9,64.9
2026-06-25T14:06:37.786107+00:00,10900000,33.8,64.8
2026-06-25T14:06:47.524959+00:00,10910000,33.9,65
2026-06-25T14:06:57.542929+00:00,10920000,33.9,64.9
2026-06-25T14:07:07.651265+00:00,10930000,33.9,64.9
2026-06-25T14:07:17.615021+00:00,10940000,33.9,64.8
2026-06-25T14:07:27.444027+00:00,10950000,33.8,64.9
2026-06-25T14:07:37.382481+00:00,10960000,33.8,64.9
2026-06-25T14:07:47.512873+00:00,10970000,33.8,64.9
2026-06-25T14:07:57.344250+00:00,10980000,33.8,64.9
2026-06-25T14:08:07.425196+00:00,10990000,33.8,64.8
2026-06-25T14:08:17.665837+00:00,11000000,33.8,64.9
2026-06-25T14:08:27.656742+00:00,11010000,33.8,64.7
2026-06-25T14:08:37.590060+00:00,11020000,33.8,64.9
2026-06-25T14:08:47.519790+00:00,11030000,33.8,64.9
2026-06-25T14:08:57.425914+00:00,11040000,33.8,65
2026-06-25T14:09:07.388231+00:00,11050000,33.8,64.9
2026-06-25T14:09:17.434887+00:00,11060000,33.8,64.9
2026-06-25T14:09:27.346401+00:00,11070000,33.8,65
2026-06-25T14:09:37.505440+00:00,11080000,33.8,64.9
2026-06-25T14:09:47.610556+00:00,11090000,33.9,64.9
2026-06-25T14:09:57.562901+00:00,11100000,33.8,64.9
2026-06-25T14:10:07.488820+00:00,11110000,33.8,64.8
2026-06-25T14:10:17.429726+00:00,11120000,33.8,64.7
2026-06-25T14:10:27.464814+00:00,11130000,33.8,64.8
2026-06-25T14:10:37.395121+00:00,11140000,33.8,64.6
2026-06-25T14:10:47.541177+00:00,11150000,33.8,64.8
2026-06-25T14:10:57.386245+00:00,11160000,33.8,64.9
2026-06-25T14:11:07.608069+00:00,11170000,33.8,64.7
2026-06-25T14:11:17.642180+00:00,11180000,33.8,64.9
2026-06-25T14:11:27.677030+00:00,11190000,33.8,65
2026-06-25T14:11:37.584091+00:00,11200000,33.8,65
2026-06-25T14:11:47.748323+00:00,11210000,33.8,65
2026-06-25T14:11:57.819913+00:00,11220000,33.8,65.1
2026-06-25T14:12:07.823097+00:00,11230000,33.8,65.1
2026-06-25T14:12:17.651855+00:00,11240000,33.8,65.1
2026-06-25T14:12:27.389430+00:00,11250000,33.8,65.2
2026-06-25T14:12:37.944899+00:00,11260000,33.8,65.2
2026-06-25T14:12:47.551340+00:00,11270000,33.8,65.2
2026-06-25T14:12:57.388247+00:00,11280000,33.8,65.3
2026-06-25T14:13:07.427868+00:00,11290000,33.9,65.2
2026-06-25T14:13:17.406152+00:00,11300000,33.8,65.3
2026-06-25T14:13:27.711899+00:00,11310000,33.8,65.3
2026-06-25T14:13:37.626404+00:00,11320000,33.9,65.4
2026-06-25T14:13:47.794778+00:00,11330000,33.9,65.3
2026-06-25T14:13:57.802680+00:00,11340000,33.8,65.3
2026-06-25T14:14:07.848567+00:00,11350000,33.8,65.2
2026-06-25T14:14:17.468800+00:00,11360000,33.8,65.3
2026-06-25T14:14:27.397874+00:00,11370000,33.8,65.3
2026-06-25T14:14:37.744475+00:00,11380000,33.8,65.3
2026-06-25T14:14:47.354740+00:00,11390000,33.8,65.3
2026-06-25T14:14:57.346482+00:00,11400000,33.9,65.4
2026-06-25T14:15:07.434928+00:00,11410000,33.9,65.4
2026-06-25T14:15:17.674072+00:00,11420000,33.9,65.4
2026-06-25T14:15:27.714952+00:00,11430000,33.9,65.4
2026-06-25T14:15:37.621164+00:00,11440000,33.9,65.4
2026-06-25T14:15:47.387821+00:00,11450000,33.9,65.4
2026-06-25T14:15:57.406818+00:00,11460000,33.9,65.4
2026-06-25T14:16:07.867841+00:00,11470000,33.9,65.3
2026-06-25T14:16:17.385787+00:00,11480000,33.9,65.3
2026-06-25T14:16:27.715195+00:00,11490000,33.8,65.3
2026-06-25T14:16:37.650208+00:00,11500000,33.9,65.3
2026-06-25T14:16:47.587350+00:00,11510000,33.8,65.4
2026-06-25T14:16:57.514653+00:00,11520000,33.8,65.5
2026-06-25T14:17:07.350686+00:00,11530000,33.9,65.3
2026-06-25T14:17:17.483250+00:00,11540000,33.8,65.4
2026-06-25T14:17:27.520659+00:00,11550000,33.9,65.4
2026-06-25T14:17:37.803210+00:00,11560000,33.8,65.2
2026-06-25T14:17:47.930021+00:00,11570000,33.8,65.4
2026-06-25T14:17:57.420536+00:00,11580000,33.9,65.5
2026-06-25T14:18:07.774895+00:00,11590000,33.9,65.5
2026-06-25T14:18:17.513968+00:00,11600000,33.9,65.5
2026-06-25T14:18:27.526181+00:00,11610000,33.8,65.6
2026-06-25T14:18:37.665219+00:00,11620000,33.8,65.6
2026-06-25T14:18:47.427459+00:00,11630000,33.8,65.5
2026-06-25T14:18:57.633851+00:00,11640000,33.9,65.6

